Codigo_Arma,Nome_Item,Descricao_Item,Proficiencia,Tipo_Arma,Empunhadura_Arma,Dano_Arma,Dano-Arma_Sec,Critico_Arma,Multiplicador_Arma,Tipo_Dano_Arma,Alcance_Item,Categoria_Item,Espaços_Item,Agil?,Capacidade_Municao,dt_item,Automatica?,Elemento_Arma,Fonte_Arma,Especial_Arma
1,"Punhos Enraivecidos","Um par de soqueiras feitas de um metal vermelho vivo e gravado com vários símbolos de Sangue.
Seus ataques desarmados passam a causar 1d8 pontos de dano de Sangue. Sempre que acerta um ataque desarmado, pode fazer outro ataque desarmado contra o mesmo alvo, pagando 2 PE por cada ataque já realizado no turno. Ou seja, pode fazer o primeiro ataque extra gastando 2 PE, um segundo ataque extra gastando mais 4 PE e assim por diante, até errar um ataque ou não ter mais pontos de esforço.",Armas Simples,Corpo a Corpo,Leve,1d8,,20,2,Sangue,,II,1,,,,,Sangue,OPRPG,"Os valores dessa arma na aba de ataque apenas substituem as informações do Golpe Desarmado. Os efeitos desse item fazem com que o poder Artista Marcial seja anulado, então msm que vc tenha o poder, o item sobrepoe ele. Esse dano de sangue é letal."
2,Arcabuz dos Moretti,"Uma arma muito antiga, reminiscente do século XV, mas que de alguma forma ainda se mantém funcionando perfeitamente, apesar das rachaduras que cercam toda a superfície do objeto e emitem uma suave luz rosada do interior de suas fissuras. Em seu cabo de madeira está gravado um selo contendo a letra M.
O arcabuz fornece +2 em testes de ataque e não precisa de munição. Sempre que dispara esta arma, o usuário deve rolar 1d6 junto com o teste de ataque. O resultado do d6 define qual o dano da arma nesse disparo: 1) 2d4, 2) 2d6, 3) 2d8, 4) 2d10, 5) 2d12, 6) 2d20.",Armas Simples,Armas de Fogo,Uma Mão,Veja Texto,,20,3,Balístico,Curto,II,1,,,,,Energia,OPRPG,"Essa arma da +2 no campo de Ataque Bonus por default. o Veja Texto dela precisa ficar. Fazer o dano médio ser apenas ""Veja Texto"" também."
3,"Fuzil Alheio","Entre elas, armas paranormais adquiridas por agentes de limpeza após a derrota de alguns desses monstros de “outro mundo”.
Esta arma é um fuzil de precisão com mira telescópica e mira laser, que causa dano de Energia e não precisa de munição.",Armas Táticas,Armas de Fogo,Duas Mãos,2d10,,19,3,Energia,Longo,IV,2,,,,,Energia,SaH,Essa arma vem com duas modificações de fábrica: mira telescópica e mira laser (código de modificação 10 e 11). 
4,"A Antena","Uma antena parabólica encaixada em uma das extremidades de um bastão de ferro. Apesar da aparência estranha, este item maldito transmite medo primal. Conta como uma arma improvisada (–1d20 em testes de ataque).
Seu verdadeiro potencial só se revela nas mãos de um conjurador de rituais. A DT de seus rituais aumenta em +3. Além disso, você pode conjurar um ritual na Antena. O ritual não faz efeito na hora; em vez disso, fica contido nela. Você pode gastar uma ação padrão para libertar o ritual e gerar o efeito dele (sem precisar gastar ações de conjuração ou PE). A Antena só pode conter um ritual por vez.",Armas Simples,Corpo a Corpo,Duas Mãos,1d6,,20,2,Impacto,,IV,2,,,,,Medo,AS,"É uma arma improvisada. aumenta a DT de todos os rituais em +3. Precisa ter um botão similar ao de munição, aonde voce clica para selecionar um dos rituais que voce conhece e coloca-lo como ""munição"" dela. Só pode ter 1 ritual nela por vez."
5,"Arpão do Pescador","Um arpão de pesca rústico, sujo de sangue originado de um pacto com o Diabo. Pode ser arremessado.
Se acertar um ataque de arremesso com o arpão, você dificulta a movimentação do alvo. Ele fica lento até remover o arpão de seu corpo, o que exige gastar uma ação padrão e passar em um teste de Atletismo (DT For).",Armas Simples,Corpo a Corpo,Uma Mão,1d8,1d12,20,3,Perfuração/Sangue,Curto,III,1,,,"Atletismo, FOR",,Sangue,AS,
6,Dupla Obsessiva (Maça),"Maça e florete. Essa dupla de armas enferrujadas parecem não conseguir ficar longe uma da outra, obcecadas por si mesmas e seu único propósito: proteger aqueles que amam com fervor.
A maça é uma arma tática corpo a corpo e de uma mão. Ela causa 2d4 pontos de dano de perfuração mais 1d6 pontos de dano de Sangue, multiplicado em caso de acerto crítico, e tem crítico 20/x3.
Se estiver empunhando as duas armas, pode gastar uma ação padrão para realizar dois ataques, um com cada arma. Além disso, se um aliado em alcance curto de você for alvo de um ataque, você pode gastar 2 PE como reação para se tornar o alvo do ataque. Se fizer isso e a fonte do ataque estiver em alcance corpo a corpo, você pode gastar 2 PE para atacar a fonte com a maça.
",Arma Tática,Corpo a Corpo,Uma Mão,2d4,1d6*,20,3,Perfuração/Sangue,,III,2,,,,,Sangue,AS,"Pegar essa arma puxa automaticamente a arma amaldiçoada de código 7, mas apenas uma conta no limite de itens por categoria. Elas sempre precisam ficar uma em baixo da outra na aba de combate, independente da ordem alfabetica."
7,Dupla Obsessiva (Florete),"Maça e florete. Essa dupla de armas enferrujadas parecem não conseguir ficar longe uma da outra, obcecadas por si mesmas e seu único propósito: proteger aqueles que amam com fervor.
O florete é uma arma tática ágil corpo a corpo e de uma mão. Ela causa 1d6 pontos de dano de perfuração mais 2d4 pontos de dano de Sangue, multiplicado em caso de acerto crítico, e tem crítico 18/x2.
Se estiver empunhando as duas armas, pode gastar uma ação padrão para realizar dois ataques, um com cada arma. Além disso, se um aliado em alcance curto de você for alvo de um ataque, você pode gastar 2 PE como reação para se tornar o alvo do ataque. Se fizer isso e a fonte do ataque estiver em alcance corpo a corpo, você pode gastar 2 PE para atacar a fonte com a maça.
",Arma Tática,Corpo a Corpo,Uma Mão,1d6,2d4*,18,2,Perfuração/Sangue,,III,2,TRUE,,,,Sangue,AS,"Pegar essa arma puxa automaticamente a arma amaldiçoada de código 6, mas apenas uma conta no limite de itens por categoria. Elas sempre precisam ficar uma em baixo da outra na aba de combate, independente da ordem alfabetica."
8,"Faca Predadora","Uma faca de cabo escuro ornamentada com várias ondas em sua lâmina. É uma arma ágil e pode ser arremessada.
Quando ataca com esta arma, você pode gastar 2 PE. Se fizer isso e acertar o ataque, você recupera 2d10 PV. Qualquer ponto de vida recuperado que exceda seus PV máximos se torna pontos de vida temporários.",Armas Simples,Corpo a Corpo,Uma Mão,1d4,2d10,19,3,Perfuração/Sangue,Curto,IV,1,TRUE,,,,Sangue,AS,
9,Machado do Mutilador,"Uma arma com cabo de madeira e lâmina vermelha que já deu fim a diversas vítimas, ela anseia por mais sangue.
O dano extra de Sangue causado por essa arma é multiplicado em caso de crítico. Além disso, quando atinge uma vítima, você pode gastar 1 PE para deixá-la sangrando; esse efeito é cumulativo, ou seja, ela pode ficar sangrando várias vezes simultaneamente (perdendo 1d6 PV para cada sangramento).",Armas Táticas,Corpo a Corpo,Uma Mão,1d8,1d8*,20,3,Corte/Sangue,,IV,1,,,,,Sangue,AS,
10,Manoplas do Colosso,"Um par de manoplas trabalhadas em metal e imbuídas com uma violenta onda de Energia. Cada manopla é uma arma diferente, que causa dano individualmente, mas elas só funcionam se usadas em par. Além disso, todas as regras e efeitos de ataque desarmado se aplicam às Manoplas —, mas efeitos que aumentam o dado de dano desarmado como o poder Artista Marcial não modificam o dano delas.",Armas Táticas,Corpo a Corpo,Duas Mãos,1d6,1d10,20,2,Impacto/Energia,,IV,2,,,,,Energia,AS,
11,Marreta Transtornada,"Uma marreta banhada em fluidos humanos e enrolada em espinhos foi amaldiçoada 6 vezes, através de 6 sacrifícios humanos, ao longo de 6 rituais de Sangue. Ela foi adorada, admirada e alimentada como um bebê do inferno. Sempre que empunhar ou atacar com esta arma, você perde 1d6 PV. Além disso, quando faz um acerto crítico com essa arma, o alvo deve fazer um teste de Fortitude (DT For). Se falhar, algum osso na parte atingida se quebra, deixando o alvo fraco até receber cuidados prolongados em uma cena de interlúdio. Se ficar fraco novamente por causa desta arma, em vez disso, o alvo fica debilitado.",Armas Táticas,Corpo a Corpo,Duas Mãos,2d10,2d12,20,4,Impacto/Sangue,,IV,2,,,"Fortitude, FOR",,Sangue,AS,
12,"Punhal X","Uma grande faca de cabo sombrio e guarda dourada. É uma arma ágil e pode ser arremessada.
Quando ataca com esta arma, você pode gastar 2 PE para deixar o alvo desprevenido contra o ataque e, se acertar, o alvo fica cego por 1 rodada. Um mesmo alvo só pode ficar cego por esta arma uma vez por cena.",Armas Simples,Corpo a Corpo,Uma Mão,1d4,1d6,19,2,Corte/Conhecimento,Curto,IV,1,,,,,Conhecimento,AS,
13,Sniper Fantasma,"Um fuzil de precisão sombrio enrolado em bandagens que o tornaram amaldiçoado.
Se for veterano em Pontaria e mirar com esta arma (OPRPG, p. 87), você recebe +5 na margem de ameaça de seu ataque. Além disso, um ser reduzido a 0 PV por dano desta arma morre se iniciar 2 turnos morrendo (em vez de 3).",Armas Táticas,Armas de Fogo,Duas Mãos,2d10,2d4,19,3,Balístico/Morte,Longo,IV,2,,1,,,Morte,AS,
14,"Adaga de Loki","Uma adaga leve e dourada com o cabo decorado no formato de uma cobra. Como ação livre, você pode gastar 1 PE para fazer com que a adaga se torne uma leve neblina que circula sua mão, deixando-a completamente escondida. Com ela escondida, você pode gastar uma ação de movimento para trazê-la de volta para sua mão, fazendo um ataque instantâneamente. Esse ataque fornece os benefícios da habilidade Ataque Furtivo. ",Armas Simples,Corpo a Corpo,Uma Mão,1d6,2d6,19,2,Corte/Conhecimento,Curto ,II,1,,,,,Conhecimento,Homebrew,
15,"Adaga Hemorrágica","Uma faca ou adaga enferrujada com diversas pequenas protuberâncias pontiagudas em sua lâmina. É uma arma Ágil.
Ao acertar um ataque com a adaga, você pode escolher soltá-la como ação livre, deixando-a presa no corpo do alvo. O alvo sofre 2d6 pontos de dano de sangramento no início de cada um de seus turnos. O alvo pode gastar uma ação padrão para fazer um teste de Fortitude DT15, se passar, remove a faca de seu corpo e sofre 2d6 pontos de dano de Corte que ignora resistência. A DT do teste de Fortitude aumenta em +5 para cada vez que um alvo tenha sucedido nele na cena.",Armas Simples,Corpo a Corpo,Leve,1d6,2d4,19,2,Perfuração/Sangue,Curto ,II,1,TRUE,,"Fortitude, 15 (+5)",,Sangue,Homebrew,
16,"Estrela de Vidro","Uma esfera de vidro oca coberta de agulhas metálicas, conectada por uma corrente a um cabo também metálico.
A cada ataque, a arma absorve sangue do alvo, armazenando um terço do dano de Perfuração causado, até um máximo de 50 pontos. Você pode gastar todos os pontos armazenados em um ataque, causando pontos de dano de Sangue adicionais igual à metade dos pontos acumulados. Esta arma tem sede de sangue. Numa cena de combate, se ela não causar dano em algum ser por três rodadas, ela gasta todos os pontos armazenados, causando pontos de dano de Sangue igual ao valor total dos pontos armazenados em quem estiver a empunhando.",Armas Táticas,Corpo a Corpo,Duas Mãos,3d6,2d6,19,2,Impacto/Perfuração,,II,2,,,,,Sangue,Homebrew,
17,"Brinquedo Distrativo","Este yo-yo com luzinha foi usado incessantemente como distração por uma criança que desejava ignorar a realidade horrível à sua volta. Dias foram passados encarando a luz piscante que emanava deste objeto conforme ele se enrolava e desenrolava, de novo e de novo.
Quando ataca com este item, você, o alvo, e qualquer ser em alcance adjacente de vocês dois deve fazer um teste de Vontade (DT igual a 15 + 2 para cada vez que fizer este teste). Todos que falharem sofrem +2d6 pontos de dano de Energia e ficam Fascinados por uma rodada. Seres só podem sofrer essa condição duas vezes por cena (mas ainda podem sofrer o dano). Portar este item por um mês te torna imune à condição causada por falhar no teste, e você só pode sofrer o dano por falhar no teste duas vezes por cena.
Além disso, você pode gastar uma ação padrão e 4 PE para desenrolar o yo-yo repetidamente. Todos os seres em um cone de 6m de comprimento que possam te ver devem fazer um teste de Vontade DT 30, se passarem, nada acontece, se falharem, ficam Fascinados. Você, então, deve gastar uma ação padrão e 1 PE por rodada para manter o efeito. Alvos têm direito a um teste de Vontade por rodada, se passarem duas vezes seguidas (ou se você sair de alcance curto deles ou se não puderem mais te ver), o efeito se encerra.",Armas Táticas,Corpo a Corpo,Duas Mãos,2d6,,18,2,Energia,3m,III,1,,,"Vontade, 15 (+2) | Vontade 30",,Energia,Homebrew,
18,"Gancho do Bisão","Um grande gancho metálico que carrega consigo o cheiro do mar. Removido do corpo de um poderoso ocultista de Morte que viajava os oito mares, o gancho busca um novo portador permanente. É uma arma ágil.
Para tirar proveito total do Gancho, o portador deve remover uma de suas mãos e o colocar no lugar. O Gancho não pode ser removido até que o portador esteja morto após isso.
Quando encaixado no braço do portador, o dano do Gancho muda para “2d10 pontos de dano de Perfuração + 3d6 pontos de dano de Morte”, seu peso 0 e sua empunhadura para Leve. Quando faz um ataque com o Gancho, pode fazer um teste de manobra para Agarrar como ação livre. O alvo possui -2d20 em testes para resistir e tentar escapar dessa manobra. Você não pode atacar com o Gancho enquanto mantém um alvo agarrado dessa forma.
Enquanto estiver mantendo um alvo agarrado dessa forma, quando faz um ataque desarmado contra o mesmo, pode gastar 4 PE para fazer a manobra Empurrar como ação livre. Se passar, causa 3d10 pontos de dano de Perfuração no alvo e encerra o Agarrar, além dos efeitos normais de Empurrar. Este é um item único.",Armas Simples,Corpo a Corpo,Uma mão | Leve,2d6 | 2d10,| 3d6,20,4,Perfuração | Perfuração/Morte,,III,1 | 0,TRUE,,,,Morte,Homebrew,"Essa arma precisa ter duas versões, igual a espada tem 1d8 e vc pode trocar num menu suspenso para 1d10, essa arma tem a versão (Desamparado) e a versão (Conectado). A separação das formas é usando |, ent as informações da primeira forma tão antes do | e as da segunda dps dele. as informações que não tem nenhuma | permanecem iguais em ambas as formas. Essa transformação é só pra aba de combate, no inventário pode mostrar somente os valores da primeira forma mesmo."
19,"Irmãs de Sangue","Um par de adagas conectadas entre si e a seus portadores através do fluxo infinito do Sangue. Cada uma é uma arma Ágil.
Enquanto em alcance médio uma da outra e sendo portadas por uma pessoa cada uma, as Irmãs de Sangue fornecem uma conexão entre os dois portadores, que compartilham sua memória muscular. Uma vez por turno, quando um dos portadores faz um ataque usando sua adaga, o outro pode gastar 3 PE e uma ação de reação para fazer um ataque em um ser adjacente ao mesmo tempo. Se ambos atacarem o mesmo alvo, ele sofre 2d6 pontos de dano de Sangue adicionais. Enquanto as adagas estiverem fora de alcance médio uma da outra, elas pulsam seguindo o batimento cardíaco do portador de sua contrapartida, uma lembrança constante da ausência de seu irmão, causando -2 em testes de ataque com ela.",Armas Simples,Corpo a Corpo,Leve,2d6,2d4,19,2,Corte/Sangue,Curto,II,1,TRUE,,,,Sangue,Homebrew,"Quando no inventário o nome dessa arma tem que mudar pra ""Irmã de Sangue"""